time,BTC,ETC,LTC
2016-08-17,574.45,10.82,3.62
2016-08-18,574.09,10.77,3.7
2016-08-19,573.67,10.77,4.0
2016-08-21,581.29,11.21,4.0
2016-08-22,585.2,11.1,3.99
2016-08-23,582.39,11.0,3.95
2016-08-24,578.47,11.01,3.79
2016-08-25,575.58,11.34,3.81
2016-08-26,579.29,11.28,3.81
2016-08-27,570.84,11.18,3.78
2016-08-28,575.41,11.01,3.78
2016-08-29,573.21,10.95,3.74
2016-08-30,574.95,11.21,3.81
2016-08-31,572.89,11.7,3.74
2016-09-01,573.02,12.05,3.66
2016-09-02,576.21,12.15,3.84
2016-09-03,600.91,11.88,3.88
2016-09-04,611.92,11.77,4.02
2016-09-05,605.69,11.76,3.96
2016-09-06,612.99,11.71,3.95
2016-09-07,615.21,11.58,3.97
2016-09-08,627.97,11.39,4.01
2016-09-09,622.07,11.64,3.96
2016-09-10,623.74,12.21,3.97
2016-09-11,607.94,11.65,3.93
2016-09-12,606.74,11.86,3.88
2016-09-13,608.63,11.92,3.81
2016-09-14,608.43,11.91,3.83
2016-09-15,605.44,11.96,3.85
2016-09-16,607.93,12.58,3.81
2016-09-17,607.92,12.79,3.82
2016-09-18,611.4,12.64,3.87
2016-09-19,608.6,13.17,3.8
2016-09-20,605.6,14.56,3.86
2016-09-21,597.0,13.76,3.82
2016-09-22,596.21,13.2,3.79
2016-09-23,602.96,13.37,3.83
2016-09-24,603.68,12.97,3.87
2016-09-25,601.67,13.12,3.8
2016-09-26,607.08,12.84,3.89
2016-09-27,605.71,13.09,3.85
2016-09-28,605.04,13.32,3.83
2016-09-29,605.99,13.11,3.86
2016-09-30,608.99,13.23,3.81
2016-10-01,615.65,13.22,3.85
2016-10-02,612.4,13.28,3.83
2016-10-03,612.99,13.51,3.83
2016-10-04,610.34,13.32,3.85
2016-10-05,613.16,13.09,3.88
2016-10-06,611.88,12.86,3.82
2016-10-07,617.98,12.7,3.86
2016-10-08,619.5,12.26,3.86
2016-10-09,617.42,12.1,3.8
2016-10-10,618.72,11.78,3.79
2016-10-11,642.12,11.77,3.83
2016-10-12,635.79,11.92,3.8
2016-10-13,635.66,11.87,3.83
2016-10-14,638.03,11.92,3.82
2016-10-15,638.16,11.95,3.93
2016-10-16,641.92,11.95,3.88
2016-10-17,639.56,11.96,3.9
2016-10-18,635.11,12.54,3.9
2016-10-19,629.79,12.01,3.79
2016-10-20,628.05,12.06,3.8
2016-10-21,630.83,12.05,3.8
2016-10-22,652.75,12.03,3.84
2016-10-23,651.04,11.94,3.88
2016-10-24,649.98,11.92,3.88
2016-10-25,654.3,11.33,3.85
2016-10-26,674.0,11.49,3.96
2016-10-27,691.21,11.48,4.02
2016-10-28,689.95,11.13,4.01
2016-10-29,714.28,10.47,4.06
2016-10-30,697.41,11.19,3.95
2016-10-31,696.9,10.97,3.98
2016-11-01,730.7,10.84,4.12
2016-11-02,744.6,10.83,4.19
2016-11-03,690.0,10.87,3.82
2016-11-04,706.32,11.15,3.89
2016-11-05,706.99,11.16,3.87
2016-11-06,717.02,11.01,3.91
2016-11-07,706.42,10.93,3.88
2016-11-08,711.15,10.84,3.84
2016-11-09,720.97,10.62,3.98
2016-11-10,712.91,10.51,3.8
2016-11-11,716.9,10.29,3.85
2016-11-12,704.53,9.95,3.76
2016-11-13,704.01,10.14,3.9
2016-11-14,708.32,10.02,3.86
2016-11-15,712.29,10.27,3.92
2016-11-16,739.85,10.0,3.94
2016-11-17,730.71,9.91,3.86
2016-11-18,748.54,9.51,3.87
2016-11-19,750.77,9.68,3.92
2016-11-20,731.99,9.6,3.89
2016-11-21,736.4,9.54,3.93
2016-11-22,746.66,9.87,3.9
2016-11-23,741.52,9.8,3.9
2016-11-24,737.99,9.18,3.9
2016-11-25,739.74,9.4,3.9
2016-11-26,735.7,9.33,3.86
2016-11-27,729.24,8.98,3.88
2016-11-28,729.77,8.67,3.84
2016-11-29,732.37,8.14,3.82
2016-11-30,742.69,8.61,3.85
2016-12-01,754.0,8.45,3.88
2016-12-02,769.25,7.73,3.91
2016-12-03,766.98,7.86,3.9
2016-12-04,767.99,7.37,3.87
2016-12-05,752.0,6.75,3.5
2016-12-06,759.8,7.83,3.52
2016-12-07,764.34,8.35,3.65
2016-12-08,767.89,8.2,3.65
2016-12-09,773.22,8.47,3.74
2016-12-10,775.87,8.14,3.7
2016-12-11,771.05,8.23,3.67
2016-12-12,778.94,8.5,3.64
2016-12-13,776.18,8.41,3.62
2016-12-14,777.66,8.24,3.6
2016-12-15,776.16,7.83,3.5
2016-12-16,780.98,7.84,3.64
2016-12-17,788.57,7.85,3.71
2016-12-18,790.72,7.92,3.62
2016-12-19,790.81,7.64,3.66
2016-12-20,798.99,7.64,3.64
2016-12-21,834.5,7.91,3.64
2016-12-22,856.02,7.55,3.69
2016-12-23,917.26,7.13,4.61
2016-12-24,891.5,7.22,4.47
2016-12-25,896.12,7.19,4.3
2016-12-26,902.09,7.26,4.27
2016-12-27,925.2,7.16,4.34
2016-12-28,982.17,7.62,4.53
2016-12-29,970.72,8.29,4.68
2016-12-30,960.81,8.21,4.35
2016-12-31,973.37,8.16,4.36
2017-01-01,992.95,8.18,4.43
2017-01-02,1011.45,8.38,4.62
2017-01-03,1020.67,9.59,4.54
2017-01-04,1130.3,11.17,4.62
2017-01-05,1007.0,10.23,4.24
2017-01-06,895.71,10.14,3.88
2017-01-07,909.0,9.92,3.99
2017-01-08,923.33,10.5,4.03
2017-01-09,902.66,10.39,4.39
2017-01-10,907.0,10.63,4.67
2017-01-11,795.77,9.95,3.99
2017-01-12,812.25,9.8,4.06
2017-01-13,831.42,9.84,3.96
2017-01-14,828.0,9.86,4.01
2017-01-15,833.31,9.9,3.97
2017-01-16,834.41,9.66,3.88
2017-01-17,906.0,10.34,3.95
2017-01-18,887.99,10.23,3.88
2017-01-19,902.92,10.42,3.89
2017-01-20,894.31,10.62,3.88
2017-01-21,925.06,10.93,3.92
2017-01-22,931.22,10.77,3.87
2017-01-23,910.7,10.8,3.83
2017-01-24,887.0,10.57,3.73
2017-01-25,896.0,10.55,3.69
2017-01-26,917.02,10.6,3.85
2017-01-27,922.63,10.55,3.9
2017-01-28,924.98,10.58,3.88
2017-01-29,916.54,10.49,3.88
2017-01-30,923.23,10.6,4.08
2017-01-31,970.01,10.7,4.09
2017-02-01,992.75,10.72,4.08
2017-02-02,1008.38,10.82,4.1
2017-02-03,1018.0,10.99,4.03
2017-02-04,1035.54,11.41,4.03
2017-02-05,1016.32,11.26,3.99
2017-02-06,1022.58,11.34,3.96
2017-02-07,1053.96,11.51,3.98
2017-02-08,1056.7,11.41,3.97
2017-02-09,994.24,11.02,3.78
2017-02-10,1001.99,11.43,3.83
2017-02-11,1018.65,11.52,3.84
2017-02-12,1010.0,11.5,3.8
2017-02-13,1002.82,11.43,3.79
2017-02-14,1013.92,13.14,3.83
2017-02-15,1014.53,12.98,3.89
2017-02-16,1038.94,12.89,3.86
2017-02-17,1057.3,12.75,3.91
2017-02-18,1062.15,12.89,3.84
2017-02-19,1059.88,12.9,3.81
2017-02-20,1089.82,12.61,3.81
2017-02-21,1128.29,12.83,3.85
2017-02-22,1128.71,12.75,3.89
2017-02-23,1186.9,13.21,3.9
2017-02-24,1186.91,13.2,3.95
2017-02-25,1158.0,13.65,3.9
2017-02-26,1184.91,14.74,3.89
2017-02-27,1195.81,15.66,3.87
2017-02-28,1195.08,16.4,3.85
2017-03-01,1230.0,17.37,3.86
2017-03-02,1269.17,19.27,4.04
2017-03-03,1292.86,19.68,4.07
2017-03-04,1273.97,18.65,4.04
2017-03-05,1278.98,19.4,4.02
2017-03-06,1284.99,19.68,4.1
2017-03-07,1237.36,18.96,3.99
2017-03-08,1150.22,16.68,3.86
2017-03-09,1197.3,17.82,3.92
2017-03-10,1109.01,19.2,3.8
2017-03-11,1188.11,21.64,3.82
2017-03-12,1235.58,23.39,3.94
2017-03-13,1245.49,28.64,4.4
2017-03-14,1247.42,28.69,4.19
2017-03-15,1263.0,35.65,4.33
2017-03-16,1175.11,45.96,4.31
2017-03-17,1069.57,44.62,4.12
2017-03-18,970.0,33.64,4.02
2017-03-19,1019.49,43.21,3.93
2017-03-20,1044.96,42.31,4.18
2017-03-21,1114.42,42.36,4.04
2017-03-22,1034.57,41.37,3.94
2017-03-23,1025.14,42.99,3.96
2017-03-24,934.87,52.93,4.11
2017-03-25,963.72,50.5,4.1
2017-03-26,973.08,50.73,4.1
2017-03-27,1042.08,48.97,4.08
2017-03-28,1045.4,50.3,4.2
2017-03-29,1043.27,53.1,4.3
2017-03-30,1042.34,51.88,7.89
2017-03-31,1088.99,50.18,7.25
2017-04-01,1092.0,50.71,7.61
2017-04-02,1113.99,48.74,8.34
2017-04-03,1152.6,44.25,8.61
2017-04-04,1143.99,44.47,9.15
2017-04-05,1132.99,44.78,13.0
2017-04-06,1192.3,43.3,10.87
2017-04-07,1194.0,42.32,9.89
2017-04-08,1184.5,44.45,10.79
2017-04-09,1210.97,43.92,9.26
2017-04-10,1210.0,43.92,9.87
2017-04-11,1223.99,43.83,9.71
2017-04-12,1214.17,46.48,11.69
2017-04-13,1177.05,49.77,11.05
2017-04-14,1173.74,47.2,11.61
2017-04-15,1178.85,48.94,11.69
2017-04-16,1177.99,48.13,11.7
2017-04-17,1189.91,47.94,11.15
2017-04-18,1201.94,49.79,10.95
2017-04-19,1214.21,47.78,10.21
2017-04-20,1236.15,49.38,10.99
2017-04-21,1249.99,48.37,12.12
2017-04-22,1247.0,48.61,14.35
2017-04-23,1251.98,48.96,15.38
2017-04-24,1257.29,50.12,15.07
2017-04-25,1281.16,50.31,15.53
2017-04-26,1298.44,53.42,15.09
2017-04-27,1349.26,63.67,14.98
2017-04-28,1353.34,73.14,14.75
2017-04-29,1365.43,70.4,16.34
2017-04-30,1384.55,80.87,16.2
2017-05-01,1436.5,79.35,16.47
2017-05-02,1471.99,77.55,16.24
2017-05-03,1533.0,81.29,22.01
2017-05-04,1563.39,95.97,24.16
2017-05-05,1551.3,91.93,26.33
2017-05-06,1585.39,95.84,28.43
2017-05-07,1609.57,93.82,30.62
2017-05-08,1713.0,89.25,28.86
2017-05-09,1720.43,86.58,33.2
2017-05-10,1794.99,88.36,32.82
2017-05-11,1837.93,88.3,30.69
2017-05-12,1695.61,85.17,27.21
2017-05-13,1792.73,88.42,29.09
2017-05-14,1799.99,89.39,28.9
2017-05-15,1747.81,91.0,25.61
2017-05-16,1777.48,87.98,23.6
2017-05-17,1813.23,86.88,25.3
2017-05-18,1899.16,96.2,28.58
2017-05-19,1976.23,125.14,27.55
2017-05-20,2058.91,123.63,27.34
2017-05-21,2057.0,148.78,25.92
2017-05-22,2123.29,160.1,24.71
2017-05-23,2272.75,169.95,31.06
2017-05-24,2432.97,196.06,34.31
2017-05-25,2355.0,181.51,29.64
2017-05-26,2272.7,163.8,25.93
2017-05-27,2099.99,159.91,23.5
2017-05-28,2232.78,175.48,24.73
2017-05-29,2279.48,194.82,25.77
2017-05-30,2191.58,228.69,24.19
2017-05-31,2303.29,229.14,25.88
2017-06-01,2419.99,221.91,27.74
2017-06-02,2478.99,222.04,27.9
2017-06-03,2548.05,224.95,27.4
2017-06-04,2521.36,245.5,27.79
2017-06-05,2698.0,248.0,30.7
2017-06-06,2871.29,264.22,30.1
2017-06-07,2685.64,255.68,28.6
2017-06-08,2799.73,258.64,30.08
2017-06-09,2811.39,279.38,29.56
2017-06-10,2931.15,340.2,30.13
2017-06-11,2998.98,343.01,34.04
2017-06-12,2655.71,397.37,29.06
2017-06-13,2709.01,388.0,30.32
2017-06-14,2432.21,341.7,28.81
2017-06-15,2409.98,343.71,28.97
2017-06-16,2480.43,354.26,33.89
2017-06-17,2634.94,368.98,46.01
2017-06-18,2515.25,351.85,43.66
2017-06-19,2596.98,358.71,47.63
2017-06-20,2725.08,350.94,45.63
2017-06-21,2643.35,325.41,44.0
2017-06-22,2679.99,320.02,45.98
2017-06-23,2690.76,326.99,46.03
2017-06-24,2574.84,304.5,43.05
2017-06-25,2505.61,278.49,40.8
2017-06-26,2407.91,252.99,38.15
2017-06-27,2575.75,287.23,40.5
2017-06-28,2553.12,315.32,42.0
2017-06-29,2530.0,292.95,40.2
2017-06-30,2455.19,280.04,39.49
2017-07-01,2423.63,263.12,38.37
2017-07-02,2516.66,285.0,41.59
2017-07-03,2542.41,276.37,45.51
2017-07-04,2602.0,269.2,54.89
2017-07-05,2616.96,266.27,53.4
2017-07-06,2604.84,266.01,51.2
2017-07-07,2501.15,241.28,46.21
2017-07-08,2561.11,246.64,51.27
2017-07-09,2508.99,238.81,48.76
2017-07-10,2331.05,202.86,44.82
2017-07-11,2310.01,190.57,43.92
2017-07-12,2383.42,224.04,47.0
2017-07-13,2340.0,205.0,45.48
2017-07-14,2217.24,197.23,42.74
2017-07-15,1964.31,167.72,38.14
2017-07-16,1911.78,155.68,40.69
2017-07-17,2235.19,190.87,42.36
2017-07-18,2308.15,227.01,43.5
2017-07-19,2258.99,194.74,40.19
2017-07-20,2873.48,226.06,44.72
2017-07-21,2657.45,216.6,45.4
2017-07-22,2825.27,230.69,46.7
2017-07-23,2754.28,228.31,45.23
2017-07-24,2762.26,225.96,45.01
2017-07-25,2564.0,203.78,42.21
2017-07-26,2525.99,203.23,41.99
2017-07-27,2664.99,202.94,41.87
2017-07-28,2786.07,190.72,40.35
2017-07-29,2700.21,205.9,41.01
2017-07-30,2723.99,196.95,40.82
2017-07-31,2856.88,200.82,42.27
2017-08-01,2732.59,225.73,43.18
2017-08-02,2699.9,217.92,41.82
2017-08-03,2787.02,224.0,42.49
2017-08-04,2857.34,220.72,43.07
2017-08-05,3243.49,251.85,45.85
2017-08-06,3222.22,263.96,45.33
2017-08-07,3398.23,269.9,45.99
2017-08-08,3422.43,295.95,49.06
2017-08-09,3342.8,295.26,47.69
2017-08-10,3444.98,300.51,47.2
2017-08-11,3656.15,309.65,47.08
2017-08-12,3874.0,308.35,46.33
2017-08-13,4060.47,296.66,45.22
2017-08-14,4320.6,299.16,45.59
2017-08-15,4159.93,286.71,43.1
2017-08-16,4370.01,300.45,43.8
2017-08-17,4280.01,300.67,43.88
2017-08-18,4101.72,292.87,46.69
2017-08-19,4157.41,293.58,45.18
2017-08-20,4050.99,297.79,45.57
2017-08-21,4002.0,322.0,47.99
2017-08-22,4092.0,314.19,46.43
2017-08-23,4143.49,317.5,53.31
2017-08-24,4312.03,324.56,51.09
2017-08-25,4360.0,330.14,51.11
2017-08-26,4344.32,332.99,51.55
2017-08-27,4340.11,348.2,61.56
2017-08-28,4384.99,347.54,62.38
2017-08-29,4599.0,372.48,63.75
2017-08-30,4581.98,384.1,66.03
2017-08-31,4743.94,389.2,73.23
2017-09-01,4947.99,392.87,89.23
2017-09-02,4649.99,354.87,79.84
2017-09-03,4626.05,353.06,79.47
2017-09-04,4498.25,316.86,71.29
2017-09-05,4432.51,320.08,74.19
2017-09-06,4616.18,339.38,81.47
2017-09-07,4624.18,335.56,80.23
2017-09-08,4350.0,307.96,73.7
2017-09-09,4334.36,304.99,71.27
2017-09-10,4251.36,300.33,67.44
2017-09-11,4210.72,298.47,68.28
2017-09-12,4164.52,294.5,66.0
2017-09-13,3855.32,275.71,61.8
2017-09-14,3250.4,223.85,45.42
2017-09-15,3740.02,260.88,52.29
2017-09-16,3726.51,255.84,52.47
2017-09-17,3719.97,259.66,51.37
2017-09-18,4100.0,298.0,56.3
2017-09-19,3910.11,282.8,52.95
2017-09-20,3872.06,283.55,51.57
2017-09-21,3617.47,258.11,46.61
2017-09-22,3619.01,263.88,47.81
2017-09-23,3787.33,286.03,49.41
2017-09-24,3669.01,283.21,47.7
2017-09-25,3919.78,294.41,52.22
2017-09-26,3885.09,288.77,52.34
2017-09-27,4200.0,309.85,56.88
2017-09-28,4189.42,302.33,54.87
2017-09-29,4156.99,291.88,52.62
2017-09-30,4339.0,301.57,55.26
2017-10-01,4394.81,303.25,54.69
2017-10-02,4392.71,296.72,53.37
2017-10-03,4307.99,292.36,52.15
2017-10-04,4214.84,292.0,51.16
2017-10-05,4320.04,294.89,51.67
2017-10-06,4362.99,307.73,52.12
2017-10-07,4425.0,311.12,52.57
2017-10-08,4603.49,309.2,53.27
2017-10-09,4769.55,297.0,50.04
2017-10-10,4750.0,297.99,50.4
2017-10-11,4814.99,302.0,50.81
2017-10-12,5440.0,302.12,59.58
2017-10-13,5624.8,335.89,58.9
2017-10-14,5819.13,338.37,63.94
2017-10-15,5693.7,336.89,65.51
2017-10-16,5754.9,334.36,64.72
2017-10-17,5594.0,316.37,59.19
2017-10-18,5574.44,313.59,60.67
2017-10-19,5704.01,308.02,59.84
2017-10-20,5989.1,303.15,60.12
2017-10-21,6024.86,300.0,58.14
2017-10-22,6005.05,295.14,56.75
2017-10-23,5905.99,285.83,54.76
2017-10-24,5525.43,296.99,55.61
2017-10-25,5739.97,296.76,56.36
2017-10-26,5891.61,295.98,55.56
2017-10-27,5780.0,297.59,55.24
2017-10-28,5752.01,295.11,54.52
2017-10-29,6140.01,303.38,56.59
2017-10-30,6124.16,306.87,56.44
2017-10-31,6445.01,303.51,55.41
2017-11-01,6783.69,290.82,53.0
2017-11-02,7039.98,285.4,54.35
2017-11-03,7170.01,306.0,56.19
2017-11-04,7412.55,301.66,55.09
2017-11-05,7392.0,296.57,54.67
2017-11-06,6969.76,297.32,54.6
2017-11-07,7126.63,292.42,60.61
2017-11-08,7467.96,307.91,62.46
2017-11-09,7156.0,320.72,64.4
2017-11-10,6577.62,298.04,59.32
2017-11-11,6346.7,315.69,62.49
2017-11-12,5886.35,307.1,58.81
2017-11-13,6535.87,315.56,61.24
2017-11-14,6605.0,335.04,62.33
2017-11-15,7294.0,331.81,63.3
2017-11-16,7838.53,330.21,70.56
2017-11-17,7714.71,332.31,67.5
2017-11-18,7777.01,346.6,69.35
2017-11-19,8031.82,354.59,71.7
2017-11-20,8256.01,368.24,72.62
2017-11-21,8109.0,361.51,70.0
2017-11-22,8250.0,381.73,72.31
2017-11-23,8031.16,406.61,73.3
2017-11-24,8215.01,470.98,77.54
2017-11-25,8795.5,466.77,89.13
2017-11-26,9401.11,473.99,86.62
2017-11-27,9768.71,477.53,91.38
2017-11-28,9949.0,468.52,94.49
2017-11-29,9935.98,434.01,86.7
2017-11-30,9903.0,434.0,85.82
2017-12-01,10869.84,463.82,100.16
2017-12-02,10930.24,460.34,99.65
2017-12-03,11290.0,465.0,101.2
2017-12-04,11643.98,468.22,104.28
2017-12-05,11718.35,457.3,101.01
2017-12-06,14090.0,432.49,100.01
2017-12-07,17390.01,433.28,97.96
2017-12-08,16367.03,463.45,128.97
2017-12-09,15309.98,485.04,160.94
2017-12-10,15290.01,447.51,150.99
2017-12-11,16885.76,518.0,218.6
2017-12-12,17730.12,686.82,352.08
2017-12-13,16689.61,711.94,312.89
2017-12-14,16749.78,705.01,283.8
2017-12-15,17738.67,693.5,303.79
2017-12-16,19650.01,703.59,306.87
2017-12-17,19378.99,732.18,324.74
2017-12-18,19039.01,785.65,359.4
2017-12-19,17838.73,826.65,350.66
2017-12-20,16496.89,802.86,305.59
2017-12-21,15758.8,796.98,311.0
2017-12-22,14210.57,682.11,267.79
2017-12-23,15075.89,732.8,293.03
2017-12-24,14221.94,697.04,278.81
2017-12-25,14171.98,740.5,273.52
2017-12-26,15790.88,755.07,280.14
2017-12-27,15367.08,739.99,264.4
2017-12-28,14450.01,719.5,251.18
2017-12-29,14565.05,748.89,245.79
2017-12-30,12839.99,710.58,216.04
2017-12-31,13863.13,741.27,227.17
2018-01-01,13480.01,759.03,225.22
2018-01-02,14781.51,865.0,253.31
2018-01-03,15098.14,938.31,244.99
2018-01-04,15144.99,949.0,238.91
2018-01-05,16960.01,969.27,246.23
2018-01-06,17098.99,1006.68,279.42
2018-01-07,16174.22,1118.3,272.06
2018-01-08,14993.74,1137.01,255.21
2018-01-09,14480.99,1290.01,246.89
2018-01-10,14875.18,1246.94,248.81
2018-01-11,13308.06,1137.01,226.91
2018-01-12,13820.0,1260.0,235.52
2018-01-13,14187.95,1386.02,258.0
2018-01-14,13656.23,1365.46,237.89
2018-01-15,13590.0,1278.63,232.51
2018-01-16,11570.01,1080.0,191.13
2018-01-17,11200.01,1028.06,189.0
2018-01-18,11305.53,1025.78,192.6
2018-01-19,11498.99,1037.45,192.5
2018-01-20,12762.8,1150.02,210.91
2018-01-21,11518.17,1047.13,191.25
2018-01-22,10766.7,999.68,179.42
2018-01-23,10824.94,984.03,178.27
2018-01-24,11356.79,1056.99,180.6
2018-01-25,11118.0,1040.0,178.86
2018-01-26,11086.89,1045.57,175.71
2018-01-27,11319.0,1100.0,179.65
2018-01-28,11536.0,1215.01,191.12
2018-01-29,11123.01,1162.27,179.57
2018-01-30,9995.0,1054.39,164.25
2018-01-31,10099.99,1105.01,161.9
2018-02-01,9014.23,1017.48,140.6
2018-02-02,8787.52,911.99,130.69
2018-02-03,9240.0,969.4,160.97
2018-02-04,8167.91,826.0,147.5
2018-02-05,6905.19,693.54,124.98
2018-02-06,7688.46,783.83,141.5
2018-02-07,7575.75,750.04,137.8
2018-02-08,8218.1,812.0,149.0
2018-02-09,8671.01,875.99,164.1
2018-02-10,8547.49,849.47,155.08
2018-02-11,8072.99,811.35,149.26
2018-02-12,8872.28,864.4,161.5
2018-02-13,8520.01,840.49,158.91
2018-02-14,9472.98,920.26,211.85
2018-02-15,10031.23,929.3,221.22
2018-02-16,10167.49,936.02,228.24
2018-02-17,11121.5,974.99,229.9
2018-02-18,10380.04,912.41,214.5
2018-02-19,11140.0,939.01,222.1
2018-02-20,11235.57,884.76,229.5
2018-02-21,10454.27,840.34,210.23
2018-02-22,9830.0,806.0,192.99
2018-02-23,10144.99,854.01,206.52
2018-02-24,9688.62,833.2,206.15
2018-02-25,9597.99,841.96,218.86
2018-02-26,10300.0,867.09,218.74
2018-02-27,10566.57,871.07,215.15
2018-02-28,10307.27,849.99,202.12
2018-03-01,10895.92,868.74,209.2
2018-03-02,11000.0,854.31,212.0
2018-03-03,11432.5,854.34,210.4
2018-03-04,11469.9,861.74,212.97
2018-03-05,11377.54,848.83,210.71
2018-03-06,10700.0,815.43,196.63
2018-03-07,9925.0,751.38,186.4
2018-03-08,9304.89,698.83,175.79
2018-03-09,9255.0,728.46,186.33
2018-03-10,8795.44,683.6,177.67
2018-03-11,9533.88,719.79,188.33
2018-03-12,9120.0,696.51,177.89
2018-03-13,9145.41,690.39,175.5
2018-03-14,8207.02,614.63,160.69
2018-03-15,8259.99,610.99,164.21
2018-03-16,8275.0,600.51,165.32
2018-03-17,7857.6,549.79,152.66
2018-03-18,8192.0,538.0,154.0
2018-03-19,8589.0,555.55,161.33
2018-03-20,8900.0,558.0,169.17
2018-03-21,8891.81,559.98,168.69
2018-03-22,8715.09,539.89,163.83
2018-03-23,8927.1,543.04,168.64
2018-03-24,8531.34,519.57,159.0
2018-03-25,8453.0,522.55,160.18
2018-03-26,8145.0,486.75,148.24
2018-03-27,7793.61,449.0,134.64
2018-03-28,7942.72,445.47,131.7
2018-03-29,7080.0,383.29,114.53
2018-03-30,6848.01,394.46,118.45
2018-03-31,6928.5,394.54,116.28
2018-04-01,6816.01,378.18,114.96
2018-04-02,7045.01,384.0,119.1
2018-04-03,7424.9,416.28,134.12
2018-04-04,6791.68,378.43,118.24
2018-04-05,6785.85,381.55,118.78
2018-04-06,6619.01,370.32,112.93
2018-04-07,6894.01,384.61,116.06
2018-04-08,7020.01,399.9,117.67
2018-04-09,6771.13,398.8,114.91
2018-04-10,6824.99,415.45,114.16
2018-04-11,6942.99,430.81,117.95
2018-04-12,7916.0,493.41,129.53
2018-04-13,7893.19,495.76,125.45
2018-04-14,8003.11,502.4,126.42
2018-04-15,8355.25,533.74,132.52
2018-04-16,8048.93,511.28,128.63
2018-04-17,7892.1,502.42,132.21
2018-04-18,8152.05,525.89,140.49
2018-04-19,8274.0,567.29,146.34
2018-04-20,8866.27,617.17,155.71
2018-04-21,8915.42,605.16,148.3
2018-04-22,8795.01,620.07,146.59
2018-04-23,8931.3,642.85,152.59
2018-04-24,9645.1,703.38,164.72
2018-04-25,8865.98,617.49,145.0
2018-04-26,9272.11,661.0,153.1
2018-04-27,8922.55,643.11,145.9
2018-04-28,9329.99,682.0,151.82
2018-04-29,9389.01,687.51,153.24
2018-04-30,9243.83,669.81,148.32
2018-05-01,9072.29,670.75,147.99
2018-05-02,9190.48,685.02,150.8
2018-05-03,9725.74,775.51,161.0
2018-05-04,9685.0,783.01,168.2
2018-05-05,9800.0,812.0,177.73
2018-05-06,9600.0,784.28,171.07
2018-05-07,9353.0,752.42,164.09
2018-05-08,9177.82,746.99,158.98
2018-05-09,9300.08,750.0,156.83
2018-05-10,9010.51,723.51,148.18
2018-05-11,8403.33,678.05,136.51
2018-05-12,8475.0,684.66,142.0
2018-05-13,8686.1,729.29,144.43
2018-05-14,8670.0,726.9,147.32
2018-05-15,8477.46,706.08,139.78
2018-05-16,8344.0,707.45,139.36
2018-05-17,8059.0,668.56,132.65
2018-05-18,8238.51,694.5,136.3
2018-05-19,8235.6,695.96,135.0
2018-05-20,8516.86,714.0,139.38
2018-05-21,8393.44,696.77,134.26
2018-05-22,7987.7,640.5,128.11
2018-05-23,7505.0,577.2,118.85
2018-05-24,7584.15,602.64,122.99
2018-05-25,7459.11,584.02,119.05
2018-05-26,7337.95,584.99,118.33
2018-05-27,7346.64,570.75,117.83
2018-05-28,7107.94,511.33,111.24
2018-05-29,7460.0,566.66,119.52
2018-05-30,7380.01,557.22,117.18
2018-05-31,7485.0,577.1,118.36
2018-06-01,7514.32,578.89,119.88
2018-06-02,7636.42,590.46,123.66
2018-06-03,7706.37,618.63,125.0
2018-06-04,7487.37,591.5,119.87
2018-06-05,7612.51,607.6,121.87
2018-06-06,7655.0,606.18,121.37
2018-06-07,7684.93,603.56,121.63
2018-06-08,7618.8,598.59,120.04
2018-06-09,7496.4,593.41,117.43
2018-06-10,6770.31,525.25,106.97
2018-06-11,6881.0,531.68,107.47
2018-06-12,6545.0,494.14,100.19
2018-06-13,6302.31,476.02,93.82
2018-06-14,6638.49,519.75,101.12
2018-06-15,6391.22,487.45,95.54
2018-06-16,6484.29,497.31,96.72
2018-06-17,6447.16,496.5,95.01
2018-06-18,6709.02,517.47,98.63
2018-06-19,6736.41,538.5,98.58
2018-06-20,6759.18,536.0,97.83
2018-06-21,6719.01,525.49,96.69
2018-06-22,6059.82,462.01,85.03
2018-06-23,6178.29,475.17,83.21
2018-06-24,6149.99,454.79,80.61
2018-06-25,6246.01,458.41,81.67
2018-06-26,6074.0,429.08,75.8
2018-06-27,6132.17,441.41,80.73
2018-06-28,5851.66,420.0,74.25
2018-06-29,6202.36,434.6,78.94
2018-06-30,6383.19,453.29,81.01
2018-07-01,6349.5,451.43,79.89
2018-07-02,6611.79,476.34,85.45
2018-07-03,6502.62,461.75,84.96
2018-07-04,6587.47,466.9,85.4
2018-07-05,6532.95,467.25,83.3
2018-07-06,6600.0,469.3,82.96
2018-07-07,6753.28,484.48,84.7
2018-07-08,6701.97,486.08,82.2
2018-07-09,6664.01,471.6,80.49
2018-07-10,6303.7,432.59,75.95
2018-07-11,6390.04,446.25,78.35
2018-07-12,6249.75,431.46,76.97
2018-07-13,6216.29,432.8,76.68
2018-07-14,6248.65,434.13,76.2
2018-07-15,6348.73,449.41,78.51
2018-07-16,6728.81,478.18,83.53
2018-07-17,7315.01,499.01,88.98
2018-07-18,7378.99,478.81,86.27
2018-07-19,7470.01,468.39,86.14
2018-07-20,7334.46,448.21,81.72
2018-07-21,7408.0,461.5,83.5
2018-07-22,7397.8,456.9,82.22
2018-07-23,7720.09,449.0,81.52
2018-07-24,8385.5,478.79,89.02
2018-07-25,8157.15,470.81,86.35
2018-07-26,7931.99,461.42,83.46
2018-07-27,8184.21,469.3,84.52
2018-07-28,8228.9,468.12,83.99
2018-07-29,8216.34,466.01,83.93
2018-07-30,8170.01,456.46,82.22
2018-07-31,7727.27,432.35,78.88
2018-08-01,7603.99,419.6,77.64
2018-08-02,7533.92,410.71,76.23
2018-08-03,7414.08,417.8,77.6
2018-08-04,7005.0,407.0,73.04
2018-08-05,7030.01,408.83,74.65
2018-08-06,6938.0,404.99,73.58
2018-08-07,6718.22,378.08,67.36
2018-08-08,6282.5,355.7,62.27
2018-08-09,6546.45,363.99,63.08
2018-08-10,6146.01,330.99,59.14
2018-08-11,6235.56,318.02,58.1
2018-08-12,6316.01,318.15,59.44
2018-08-13,6253.67,284.11,56.48
2018-08-14,6195.01,279.4,54.39
2018-08-15,6269.01,281.21,54.44
2018-08-16,6315.9,286.67,55.47
2018-08-17,6585.49,317.54,61.82
2018-08-18,6396.64,296.61,57.39
2018-08-19,6489.53,300.03,57.85
2018-08-20,6258.74,270.76,53.4
2018-08-21,6475.89,281.49,56.39
2018-08-22,6359.99,270.47,55.2
2018-08-23,6526.36,275.87,57.31
2018-08-24,6690.88,281.35,57.94
2018-08-25,6737.52,277.97,58.01
2018-08-26,6709.98,274.25,57.11
2018-08-27,6911.9,287.99,60.7
2018-08-28,7071.01,295.39,63.18
2018-08-29,7030.9,289.0,61.54
2018-08-30,6983.0,284.52,60.25
2018-08-31,7015.01,281.94,62.13
2018-09-01,7191.08,294.64,66.47
2018-09-02,7295.0,295.06,66.23
2018-09-03,7256.98,288.6,65.37
2018-09-04,7360.0,285.43,67.75
2018-09-05,6687.96,227.56,57.68
2018-09-06,6495.0,229.03,57.48
2018-09-07,6395.01,215.21,55.5
2018-09-08,6188.0,197.0,53.2
2018-09-09,6235.01,195.91,54.71
2018-09-10,6300.0,196.94,54.3
2018-09-11,6282.53,185.15,51.97
2018-09-12,6326.0,182.79,51.6
2018-09-13,6485.99,211.39,54.66
2018-09-14,6478.04,210.0,56.33
2018-09-15,6518.68,221.69,56.34
2018-09-16,6498.0,220.19,56.78
2018-09-17,6250.7,195.97,52.05
2018-09-18,6335.7,208.5,54.0
2018-09-19,6386.94,209.81,54.28
2018-09-20,6493.11,224.41,56.56
2018-09-21,6750.0,247.76,60.83
2018-09-22,6707.33,240.71,60.53
2018-09-23,6696.99,244.35,61.31
2018-09-24,6582.09,228.01,57.94
2018-09-25,6436.89,219.19,57.56
2018-09-26,6455.66,214.15,57.21
2018-09-27,6680.01,229.0,63.11
2018-09-28,6620.01,220.67,61.75
2018-09-29,6581.0,231.01,61.45
2018-09-30,6605.0,232.27,61.05
2018-10-01,6572.83,230.4,60.22
2018-10-02,6498.46,224.85,59.2
2018-10-03,6466.03,219.01,57.25
2018-10-04,6547.45,221.0,58.0
2018-10-05,6593.94,226.89,58.47
2018-10-06,6552.43,223.85,57.7
2018-10-07,6570.0,224.82,57.9
2018-10-08,6608.07,227.68,59.24
2018-10-09,6589.48,226.15,58.43
2018-10-10,6524.56,223.61,57.49
2018-10-11,6154.69,188.32,50.55
2018-10-12,6188.01,194.1,53.03
2018-10-13,6196.0,196.72,53.05
2018-10-14,6183.49,191.87,51.36
2018-10-15,6440.42,204.53,53.55
2018-10-16,6457.11,205.43,53.1
2018-10-17,6443.7,203.21,52.81
2018-10-18,6394.96,199.2,51.73
2018-10-19,6382.99,200.0,52.5
2018-10-20,6414.0,202.69,52.83
2018-10-21,6415.88,202.12,52.23
2018-10-22,6407.65,201.25,51.67
2018-10-23,6395.14,201.12,52.1
2018-10-24,6415.98,200.68,51.85
2018-10-25,6395.58,199.65,51.71
2018-10-26,6404.87,200.7,51.59
2018-10-27,6409.12,201.46,51.57
2018-10-28,6403.62,202.43,51.53
2018-10-29,6266.0,194.31,48.44
2018-10-30,6267.63,195.35,48.95
2018-10-31,6304.18,196.95,49.47
2018-11-01,6344.0,197.96,50.19
2018-11-02,6349.8,199.75,51.13
2018-11-03,6331.96,198.35,50.61
2018-11-04,6423.28,210.06,53.88
2018-11-05,6404.0,208.53,53.45
2018-11-06,6448.5,218.65,55.84
2018-11-07,6503.12,216.84,53.82
2018-11-08,6406.24,210.34,52.04
2018-11-09,6334.89,208.01,51.66
2018-11-10,6347.42,210.29,51.86
2018-11-11,6357.6,209.88,50.8
2018-11-12,6327.87,208.77,50.33
2018-11-13,6259.34,203.2,48.84
2018-11-14,5605.46,177.79,42.69
2018-11-15,5579.52,178.89,43.36
2018-11-16,5512.24,172.4,41.73
2018-11-17,5504.17,172.49,41.54
2018-11-18,5560.0,175.87,41.86
2018-11-19,4733.5,145.21,35.75
2018-11-20,4349.23,127.55,32.28
2018-11-21,4545.11,134.73,34.29
2018-11-22,4265.36,123.25,31.3
2018-11-23,4283.8,121.44,31.69
2018-11-24,3774.99,110.16,28.6
2018-11-25,3936.69,114.3,30.43
2018-11-26,3731.32,106.95,29.1
2018-11-27,3775.0,108.7,30.85
2018-11-28,4225.03,121.94,34.43
2018-11-29,4248.0,116.38,33.5
2018-11-30,3976.0,111.65,31.65
2018-12-01,4142.01,116.82,33.77
2018-12-02,4103.19,114.76,33.34
2018-12-03,3833.47,107.21,30.5
2018-12-04,3901.84,108.61,30.71
2018-12-05,3694.39,100.76,28.71
2018-12-06,3433.26,89.09,26.25
2018-12-07,3380.01,92.45,24.77
2018-12-08,3401.0,89.99,24.19
2018-12-09,3531.18,92.79,25.3
2018-12-10,3410.15,89.23,23.97
2018-12-11,3349.36,86.96,23.22
2018-12-12,3430.24,89.09,24.0
2018-12-13,3265.0,85.35,22.84
2018-12-14,3195.71,83.0,23.17
2018-12-15,3183.0,83.03,23.39
2018-12-16,3195.0,83.74,25.24
2018-12-17,3496.82,93.79,28.88
2018-12-18,3667.77,101.0,30.12
2018-12-19,3682.51,99.34,29.0
2018-12-20,4075.34,114.52,32.36
2018-12-21,3839.06,107.74,30.2
2018-12-22,3980.46,116.09,31.59
2018-12-23,3944.93,129.61,33.07
2018-12-24,4034.0,139.09,33.05
2018-12-25,3780.0,128.82,30.77
2018-12-26,3809.88,130.47,30.52
2018-12-27,3589.89,114.63,27.72
2018-12-28,3888.06,136.82,32.22
2018-12-29,3729.31,134.15,30.63
2018-12-30,3829.0,138.78,31.56
2018-12-31,3691.86,130.53,29.78
2019-01-01,3826.1,139.75,31.68
2019-01-02,3890.79,153.5,32.94
2019-01-03,3787.57,147.23,31.6
2019-01-04,3820.82,153.24,32.02
2019-01-05,3798.62,154.21,34.48
2019-01-06,4040.99,155.92,38.88
2019-01-07,4006.01,150.62,37.71
2019-01-08,3993.86,148.97,39.13
2019-01-09,4004.12,149.5,38.58
2019-01-10,3626.12,126.41,33.27
2019-01-11,3635.69,125.83,31.79
2019-01-12,3619.41,124.59,32.04
2019-01-13,3514.24,115.58,29.92
2019-01-14,3664.19,128.37,32.07
2019-01-15,3580.76,120.0,30.99
2019-01-16,3609.71,122.12,31.4
2019-01-17,3640.65,122.55,31.62
2019-01-18,3607.85,119.53,30.96
2019-01-19,3682.65,123.17,32.22
2019-01-20,3536.19,117.43,30.61
2019-01-21,3531.76,115.86,30.82
2019-01-22,3577.03,118.08,31.48
2019-01-23,3553.01,116.55,31.6
2019-01-24,3568.97,116.4,32.47
2019-01-25,3562.17,114.95,32.73
2019-01-26,3556.07,115.01,32.64
2019-01-27,3531.02,111.35,32.02
2019-01-28,3429.95,105.47,30.96
2019-01-29,3397.42,104.02,30.69
2019-01-30,3437.55,107.61,31.53
2019-01-31,3411.5,105.79,31.24
2019-02-01,3437.5,105.88,32.37
2019-02-02,3468.43,109.3,34.18
2019-02-03,3414.78,105.94,32.87
2019-02-04,3409.57,106.08,33.64
2019-02-05,3428.4,106.0,33.95
2019-02-06,3367.36,103.36,32.47
2019-02-07,3359.0,103.21,32.85
2019-02-08,3621.99,117.96,42.56
2019-02-09,3623.73,118.06,44.2
2019-02-10,3648.84,123.94,46.51
2019-02-11,3590.36,119.55,42.37
2019-02-12,3588.06,120.82,43.35
2019-02-13,3576.68,120.74,41.21
2019-02-14,3561.5,119.39,40.93
2019-02-15,3566.59,120.42,42.08
2019-02-16,3582.37,121.56,43.15
2019-02-17,3625.08,132.34,43.45
2019-02-18,3867.0,144.62,47.34
2019-02-19,3888.01,142.69,46.91
2019-02-20,3938.99,147.19,51.08
2019-02-21,3897.71,144.21,48.46
2019-02-22,3942.02,146.68,49.07
2019-02-23,4110.0,157.56,51.19
2019-02-24,3734.22,131.76,43.57
2019-02-25,3818.79,137.64,45.37
2019-02-26,3799.48,135.66,44.66
2019-02-27,3799.91,134.46,44.96
2019-02-28,3792.14,134.48,45.44
2019-03-01,3806.17,134.72,46.81
2019-03-02,3809.7,132.32,48.25
2019-03-03,3786.93,129.78,47.49
2019-03-04,3700.72,125.24,45.64
2019-03-05,3844.59,136.3,52.3
2019-03-06,3851.89,137.0,55.17
2019-03-07,3857.05,136.29,56.51
2019-03-08,3843.12,132.75,55.33
2019-03-09,3917.0,136.41,57.43
2019-03-10,3900.92,134.66,56.3
2019-03-11,3849.68,132.05,54.65
2019-03-12,3860.0,132.8,56.2
2019-03-13,3851.02,131.16,55.06
2019-03-14,3853.95,131.4,55.61
2019-03-15,3902.8,135.99,58.13
2019-03-16,3990.0,140.48,61.01
2019-03-17,3967.01,138.07,60.29
2019-03-18,3970.5,137.01,58.99
2019-03-19,4000.85,138.15,59.29
2019-03-20,4031.85,138.73,60.21
2019-03-21,3972.76,134.41,58.41
2019-03-22,3983.78,135.63,59.12
2019-03-23,3983.43,136.52,60.43
2019-03-24,3969.52,135.37,59.46
2019-03-25,3907.53,133.01,58.66
2019-03-26,3921.45,133.28,58.48
2019-03-27,4026.53,139.08,61.26
2019-03-28,4011.17,137.46,60.26
2019-03-29,4091.01,142.83,61.23
2019-03-30,4094.14,142.12,60.25
2019-03-31,4094.99,141.2,60.35
2019-04-01,4137.0,141.0,60.35
2019-04-02,4901.93,164.69,77.5
2019-04-03,4975.97,161.33,85.6
2019-04-04,4906.49,157.65,84.95
2019-04-05,5040.66,166.08,88.88
2019-04-06,5049.22,165.79,92.37
2019-04-07,5194.79,174.84,91.88
2019-04-08,5285.54,180.74,89.49
2019-04-09,5187.21,175.83,86.89
2019-04-10,5318.58,177.55,88.43
2019-04-11,5041.3,164.92,79.23
2019-04-12,5078.19,164.27,78.92
2019-04-13,5066.22,163.75,77.9
2019-04-14,5164.27,168.27,83.77
2019-04-15,5029.99,160.24,78.24
2019-04-16,5202.9,166.38,80.89
2019-04-17,5227.0,166.54,79.15
2019-04-18,5281.81,174.15,82.07
2019-04-19,5290.36,173.83,82.57
2019-04-20,5319.89,173.73,81.69
2019-04-21,5297.64,169.9,77.23
2019-04-22,5387.6,171.58,76.93
2019-04-23,5532.75,170.14,74.32
2019-04-24,5441.9,165.75,73.14
2019-04-25,5134.81,152.05,70.67
2019-04-26,5159.51,153.41,71.64
2019-04-27,5170.6,155.66,70.55
2019-04-28,5155.0,153.19,67.78
2019-04-29,5148.25,152.36,66.55
2019-04-30,5270.69,160.4,73.51
2019-05-01,5321.15,158.3,72.52
2019-05-02,5390.01,158.7,72.16
2019-05-03,5657.4,164.74,77.72
2019-05-04,5770.01,161.85,76.92
2019-05-05,5715.86,161.25,74.79
2019-05-06,5687.9,171.07,74.09
2019-05-07,5748.45,166.51,73.33
2019-05-08,5948.41,169.58,73.83
2019-05-09,6153.09,170.11,73.76
2019-05-10,6343.14,172.21,76.68
2019-05-11,7219.95,192.52,88.31
2019-05-12,6979.76,188.23,84.79
2019-05-13,7824.93,196.51,87.78
2019-05-14,7990.92,217.44,91.69
2019-05-15,8203.32,249.0,102.26
2019-05-16,7878.96,264.39,95.75
2019-05-17,7363.69,244.59,89.88
2019-05-18,7262.4,234.03,86.65
2019-05-19,8200.0,261.09,95.06
2019-05-20,7999.54,252.22,91.69
2019-05-21,7951.7,254.74,91.25
2019-05-22,7626.48,243.32,87.72
2019-05-23,7881.98,245.64,88.95
2019-05-24,8001.7,249.83,100.5
2019-05-25,8063.81,251.55,103.02
2019-05-26,8731.72,268.37,112.56
2019-05-27,8772.29,271.24,116.5
2019-05-28,8715.36,271.15,114.95
2019-05-29,8662.44,269.39,115.29
2019-05-30,8279.69,254.62,107.95
2019-05-31,8554.06,267.74,114.47
2019-06-01,8558.95,264.78,112.48
2019-06-02,8736.55,269.23,114.55
2019-06-03,8107.96,249.55,105.87
2019-06-04,7670.96,240.93,102.14
2019-06-05,7789.48,246.32,103.79
2019-06-06,7805.0,249.4,111.47
2019-06-07,7998.13,249.49,117.07
2019-06-08,7930.14,244.3,118.5
2019-06-09,7634.58,231.3,114.83
2019-06-10,8015.69,247.84,129.76
2019-06-11,7918.17,245.11,136.2
2019-06-12,8176.02,262.92,136.19
2019-06-13,8239.04,255.4,130.89
2019-06-14,8697.46,263.8,132.56
2019-06-15,8860.23,269.29,138.35
2019-06-16,8975.0,268.33,137.0
2019-06-17,9333.14,273.97,134.21
2019-06-18,9078.48,264.37,135.1
2019-06-19,9277.54,268.79,136.81
2019-06-20,9531.21,272.0,135.75
2019-06-21,10236.2,296.25,139.04
2019-06-22,10666.86,308.49,141.46
2019-06-23,10833.02,306.98,136.66
2019-06-24,11032.32,311.0,135.26
2019-06-25,11755.53,316.59,135.55
2019-06-26,12927.44,334.86,130.64
2019-06-27,11159.29,293.47,114.16
2019-06-28,12360.45,309.37,119.47
2019-06-29,11865.29,317.0,133.21
2019-06-30,10761.26,290.07,122.06
2019-07-01,10577.63,293.7,122.54
2019-07-02,10829.18,291.25,118.59
2019-07-03,11976.42,301.79,121.78
2019-07-04,11136.0,282.8,119.59
2019-07-05,11004.51,288.0,118.54
2019-07-06,11237.77,287.57,118.25
2019-07-07,11474.42,306.34,120.18
2019-07-08,12293.53,313.24,123.5
2019-07-09,12571.11,307.92,119.51
2019-07-10,12097.96,288.64,108.28
2019-07-11,11349.0,268.68,102.94
2019-07-12,11802.0,275.55,105.16
2019-07-13,11370.08,269.04,101.15
2019-07-14,10185.03,225.76,89.72
2019-07-15,10854.47,228.28,90.5
2019-07-16,9422.72,198.89,79.68
2019-07-17,9696.31,211.4,90.25
2019-07-18,10649.07,226.31,101.4
2019-07-19,10538.06,221.21,98.75
2019-07-20,10761.03,228.89,100.48
2019-07-21,10590.7,225.64,99.76
2019-07-22,10323.39,217.13,95.12
2019-07-23,9840.12,211.93,90.02
2019-07-24,9772.6,216.59,94.45
2019-07-25,9883.33,219.28,93.29
2019-07-26,9843.0,219.35,94.33
2019-07-27,9479.98,207.11,88.87
2019-07-28,9533.0,211.5,90.02
2019-07-29,9495.01,210.73,90.24
2019-07-30,9589.01,209.83,90.33
2019-07-31,10087.3,218.7,98.89
2019-08-01,10405.94,217.55,98.89
2019-08-02,10533.01,217.8,94.83
2019-08-03,10820.76,222.14,94.2
2019-08-04,10977.51,222.81,92.95
2019-08-05,11819.49,233.0,96.39
2019-08-06,11465.49,225.81,92.88
2019-08-07,11975.03,225.8,90.5
2019-08-08,11981.0,220.81,90.0
2019-08-09,11856.1,210.3,84.32
2019-08-10,11280.95,206.1,85.17
2019-08-11,11540.76,216.06,89.78
2019-08-12,11389.28,211.26,85.78
2019-08-13,10854.92,208.58,84.53
2019-08-14,10025.86,186.3,75.81
2019-08-15,10300.01,188.2,76.25
2019-08-16,10352.78,185.26,74.76
2019-08-17,10217.79,185.59,72.71
2019-08-18,10315.48,194.74,76.34
2019-08-19,10920.0,202.32,77.16
2019-08-20,10769.09,196.56,75.11
2019-08-21,10130.0,187.37,73.19
2019-08-22,10107.15,190.41,73.39
2019-08-23,10410.85,194.59,75.48
2019-08-24,10147.96,190.89,73.4
2019-08-25,10138.72,186.59,72.15
2019-08-26,10361.65,188.3,73.38
2019-08-27,10171.85,186.94,72.75
2019-08-28,9714.31,172.79,66.79
2019-08-29,9495.0,168.82,63.46
2019-08-30,9582.42,168.4,64.21
2019-08-31,9600.86,171.93,64.35
2019-09-01,9766.52,171.29,66.1
2019-09-02,10381.26,178.8,67.2
2019-09-03,10628.48,178.96,69.12
2019-09-04,10581.84,174.82,67.13
2019-09-05,10574.73,174.0,65.27
2019-09-06,10308.92,169.2,64.98
2019-09-07,10484.37,178.08,68.87
2019-09-08,10398.97,181.56,70.56
2019-09-09,10310.0,180.63,69.93
2019-09-10,10093.01,179.64,70.75
2019-09-11,10160.2,178.3,69.81
2019-09-12,10423.72,181.09,69.28
2019-09-13,10365.93,181.65,69.09
2019-09-14,10360.25,188.85,70.62
2019-09-15,10304.46,189.3,70.14
2019-09-16,10262.54,197.59,72.76
2019-09-17,10185.39,207.95,74.13
2019-09-18,10155.26,210.27,77.75
2019-09-19,10275.01,220.8,76.82
2019-09-20,10168.85,218.06,75.1
2019-09-21,9973.99,214.8,73.18
2019-09-22,10026.8,211.1,72.26
2019-09-23,9693.74,200.8,66.47
2019-09-24,8530.01,166.26,55.5
2019-09-25,8438.35,170.0,57.53
2019-09-26,8060.0,165.85,55.21
2019-09-27,8193.99,174.44,56.05
2019-09-28,8217.47,173.9,55.53
2019-09-29,8052.4,169.38,53.91
2019-09-30,8304.96,181.17,56.09
2019-10-01,8321.52,176.15,55.8
2019-10-02,8381.72,180.82,56.43
2019-10-03,8240.41,175.05,56.44
2019-10-04,8156.67,175.97,56.51
2019-10-05,8147.63,176.73,56.85
2019-10-06,7859.79,170.18,54.48
2019-10-07,8209.0,180.26,57.56
2019-10-08,8180.0,180.72,57.0
2019-10-09,8590.0,193.26,59.26
2019-10-10,8587.5,191.79,57.77
2019-10-11,8267.33,180.84,55.94
2019-10-12,8309.03,179.86,55.77
2019-10-13,8282.97,181.18,56.48
2019-10-14,8355.0,186.85,56.87
2019-10-15,8162.44,180.58,54.56
2019-10-16,7993.54,174.5,52.51
2019-10-17,8076.2,177.31,54.95
2019-10-18,7954.16,172.96,53.31
2019-10-19,7965.28,172.09,53.81
2019-10-20,8236.12,175.49,54.96
2019-10-21,8209.92,174.37,54.72
2019-10-22,8024.72,171.3,53.42
2019-10-23,7474.85,162.49,49.54
2019-10-24,7430.87,160.67,49.66
2019-10-25,8668.0,181.66,56.95
2019-10-26,9259.78,180.03,56.88
2019-10-27,9548.84,184.41,59.91
2019-10-28,9226.5,182.02,57.83
2019-10-29,9430.8,191.1,59.84
2019-10-30,9164.44,183.38,57.96
2019-10-31,9159.48,182.38,58.37
2019-11-01,9253.12,183.19,58.34
2019-11-02,9308.52,183.25,58.38
2019-11-03,9206.52,181.73,58.34
2019-11-04,9412.53,186.25,61.41
2019-11-05,9322.09,188.88,63.16
2019-11-06,9341.27,191.13,64.16
2019-11-07,9198.84,186.42,61.37
2019-11-08,8763.01,183.62,60.4
2019-11-09,8807.89,184.77,62.04
2019-11-10,9032.23,188.88,63.66
2019-11-11,8721.54,184.65,61.74
2019-11-12,8810.0,186.98,61.4
2019-11-13,8758.34,187.72,60.89
2019-11-14,8630.0,184.55,58.91
2019-11-15,8457.48,179.82,57.53
2019-11-16,8481.0,182.25,58.21
2019-11-17,8500.01,183.88,59.2
2019-11-18,8168.84,177.85,55.72
2019-11-19,8123.36,175.73,55.08
2019-11-20,8082.96,174.35,54.87
2019-11-21,7616.46,160.82,50.6
2019-11-22,7283.03,149.97,47.4
2019-11-23,7329.29,152.0,48.22
2019-11-24,6908.64,139.99,43.95
2019-11-25,7127.01,145.91,45.54
2019-11-26,7162.67,147.83,46.99
2019-11-27,7523.72,153.0,47.8
2019-11-28,7432.41,151.01,46.91
2019-11-29,7760.0,154.75,48.68
2019-11-30,7555.92,151.78,47.26
2019-12-01,7404.27,150.97,47.5
2019-12-02,7305.01,148.97,45.57
2019-12-03,7302.94,147.33,44.82
2019-12-04,7198.99,145.5,44.69
2019-12-05,7393.54,148.18,44.84
2019-12-06,7540.08,148.82,45.36
2019-12-07,7502.19,147.43,45.21
2019-12-08,7520.0,150.71,45.6
2019-12-09,7337.51,147.3,44.44
2019-12-10,7219.37,145.55,44.11
2019-12-11,7201.23,143.29,43.63
2019-12-12,7185.91,144.69,43.6
2019-12-13,7249.9,144.7,44.43
2019-12-14,7062.91,141.73,43.24
2019-12-15,7111.0,142.38,43.41
2019-12-16,6877.03,132.36,39.9
2019-12-17,6616.62,121.83,36.98
2019-12-18,7285.53,132.89,40.77
2019-12-19,7149.12,128.18,39.69
2019-12-20,7190.0,128.37,40.13
2019-12-21,7143.01,127.09,39.73
2019-12-22,7513.06,132.4,41.93
2019-12-23,7310.79,127.78,40.61
2019-12-24,7255.01,127.71,40.3
2019-12-25,7192.12,125.0,40.08
2019-12-26,7194.13,125.49,39.97
2019-12-27,7245.83,126.23,40.93
2019-12-28,7302.67,127.91,42.73
2019-12-29,7384.89,134.3,43.07
2019-12-30,7218.0,131.1,42.23
2019-12-31,7165.72,128.54,41.1
2020-01-01,7174.33,130.19,41.49
2020-01-02,6945.02,126.81,39.32
2020-01-03,7334.45,134.17,42.2
2020-01-04,7348.63,134.14,42.73
2020-01-05,7355.4,135.31,43.28
2020-01-06,7764.63,144.19,45.79
2020-01-07,8158.52,143.08,46.36
2020-01-08,8045.51,140.6,45.28
2020-01-09,7813.78,137.71,44.73
2020-01-10,8198.09,144.72,48.99
2020-01-11,8020.0,142.63,49.36
2020-01-12,8180.81,146.6,51.42
2020-01-13,8104.5,143.51,49.58
2020-01-14,8815.69,165.76,58.4
2020-01-15,8808.81,166.29,58.12
2020-01-16,8714.76,163.93,57.5
2020-01-17,8899.42,169.59,60.86
2020-01-18,8909.32,174.06,59.28
2020-01-19,8697.53,166.75,57.57
2020-01-20,8628.89,166.68,57.1
2020-01-21,8722.03,169.19,57.49
2020-01-22,8660.38,167.68,58.1
2020-01-23,8385.22,162.4,54.42
2020-01-24,8427.26,162.3,54.33
2020-01-25,8326.81,160.12,52.79
2020-01-26,8595.0,167.35,56.08
2020-01-27,8895.96,169.77,58.44
2020-01-28,9394.5,175.99,60.62
2020-01-29,9288.44,173.45,59.62
2020-01-30,9503.08,184.55,67.82
2020-01-31,9334.98,179.74,67.96
2020-02-01,9380.18,183.5,70.69
2020-02-02,9323.5,188.29,69.82
2020-02-03,9280.49,189.42,69.55
2020-02-04,9164.33,188.24,67.84
2020-02-05,9613.82,204.0,72.56
2020-02-06,9763.01,212.95,73.45
2020-02-07,9808.05,223.22,74.25
2020-02-08,9905.64,223.37,76.67
2020-02-09,10168.35,228.8,77.05
2020-02-10,9851.78,222.85,73.98
2020-02-11,10270.01,237.98,76.81
2020-02-12,10351.13,266.49,81.37
2020-02-13,10236.49,268.42,80.55
2020-02-14,10371.33,286.27,83.31
2020-02-15,9911.22,264.92,76.74
2020-02-16,9921.0,258.5,74.7
2020-02-17,9700.0,268.03,73.43
2020-02-18,10188.04,283.31,77.4
2020-02-19,9600.08,258.66,70.67
2020-02-20,9610.05,257.4,69.55
2020-02-21,9695.66,265.8,73.41
2020-02-22,9668.23,262.08,74.88
2020-02-23,9965.01,275.48,79.8
2020-02-24,9660.0,265.31,75.55
2020-02-25,9305.0,246.5,70.96
2020-02-26,8778.3,223.5,60.42
2020-02-27,8812.49,227.63,61.76
2020-02-28,8708.89,227.37,59.99
2020-02-29,8525.07,217.31,58.04
2020-03-01,8522.31,217.26,57.63
2020-03-02,8915.0,232.12,61.47
2020-03-03,8757.84,223.75,61.0
2020-03-04,8760.66,224.56,60.36
2020-03-05,9070.17,228.64,62.01
2020-03-06,9158.51,245.56,63.37
2020-03-07,8901.37,237.75,60.57
2020-03-08,8037.76,199.46,51.15
2020-03-09,7934.52,202.77,50.53
2020-03-10,7894.68,200.5,50.14
2020-03-11,7938.05,194.61,48.54
2020-03-12,4857.1,110.3,30.09
2020-03-13,5637.6,135.51,38.01
2020-03-14,5165.25,122.17,34.43
2020-03-15,5345.35,123.3,36.24
2020-03-16,5037.61,111.38,33.33
2020-03-17,5331.71,116.09,34.17
2020-03-18,5413.64,118.6,34.85
2020-03-19,6186.26,136.68,39.08
2020-03-20,6206.1,133.27,38.09
2020-03-21,6198.78,132.79,38.39
2020-03-22,5818.25,122.42,35.45
2020-03-23,6490.63,137.0,39.12
2020-03-24,6766.64,139.0,40.7
2020-03-25,6690.96,136.26,39.25
2020-03-26,6758.18,139.0,40.59
2020-03-27,6372.36,131.56,38.15
2020-03-28,6251.82,131.35,38.91
2020-03-29,5877.21,124.35,37.11
2020-03-30,6406.4,132.32,38.99
2020-03-31,6424.35,133.08,39.15
2020-04-01,6666.11,136.14,39.33
2020-04-02,6804.52,141.53,39.97
2020-04-03,6741.99,141.54,40.54
2020-04-04,6874.77,144.48,40.85
2020-04-05,6778.25,142.79,40.38
2020-04-06,7341.56,171.5,45.12
2020-04-07,7200.01,164.57,44.8
2020-04-08,7370.11,173.36,46.58
2020-04-09,7293.24,169.75,46.29
2020-04-10,6871.91,158.1,42.36
2020-04-11,6889.65,158.55,42.61
2020-04-12,6908.13,158.87,42.04
2020-04-13,6861.21,156.76,41.37
2020-04-14,6877.37,158.65,41.22
2020-04-15,6624.12,152.77,39.3
2020-04-16,7112.64,172.55,42.6
2020-04-17,7037.46,170.89,42.21
2020-04-18,7261.76,187.88,44.2
2020-04-19,7130.71,180.39,42.28
2020-04-20,6838.19,170.5,40.27
2020-04-21,6853.68,171.07,40.7
2020-04-22,7136.84,183.11,41.88
2020-04-23,7488.83,185.66,43.0
2020-04-24,7514.64,187.84,44.56
2020-04-25,7547.61,194.42,44.41
2020-04-26,7706.4,197.83,44.63
2020-04-27,7789.77,196.78,44.53
2020-04-28,7755.01,196.67,45.8
2020-04-29,8793.75,215.66,48.85
2020-04-30,8624.28,206.23,46.39
2020-05-01,8829.42,212.09,47.11
2020-05-02,8985.58,214.25,49.26
2020-05-03,8909.95,210.24,48.15
2020-05-04,8883.53,206.86,47.07
2020-05-05,9028.79,205.43,46.58
2020-05-06,9155.79,199.26,45.06
2020-05-07,10004.77,212.47,47.46
2020-05-08,9810.0,211.59,47.74
2020-05-09,9537.21,210.0,46.94
2020-05-10,8729.86,187.73,42.15
2020-05-11,8572.4,185.93,41.52
2020-05-12,8821.42,190.1,42.26
2020-05-13,9321.26,199.92,43.26
2020-05-14,9795.34,203.4,44.02
2020-05-15,9312.1,194.7,42.7
2020-05-16,9383.16,200.53,43.27
2020-05-17,9676.63,207.05,43.7
2020-05-18,9728.52,214.97,45.32
2020-05-19,9783.76,214.71,45.76
2020-05-20,9509.41,209.96,44.21
2020-05-21,9061.96,198.62,42.68
2020-05-22,9168.84,207.32,44.22
2020-05-23,9181.76,206.66,43.85
2020-05-24,8715.73,199.63,42.06
2020-05-25,8899.31,204.06,42.97
2020-05-26,8844.42,200.91,42.29
2020-05-27,9208.53,208.41,43.87
2020-05-28,9580.19,220.44,44.75
2020-05-29,9423.84,220.62,44.48
2020-05-30,9700.33,243.84,47.75
2020-05-31,9446.57,231.54,45.57
2020-06-01,10208.96,248.41,48.27
2020-06-02,9522.46,237.71,46.03
2020-06-03,9668.07,244.6,47.16
2020-06-04,9788.03,243.18,47.44
2020-06-05,9613.21,240.04,46.76
2020-06-06,9671.7,241.92,46.75
2020-06-07,9750.12,244.81,46.64
2020-06-08,9781.51,246.55,46.51
2020-06-09,9779.41,244.03,45.93
2020-06-10,9894.04,248.16,46.71
2020-06-11,9268.16,230.15,43.19
2020-06-12,9464.17,237.53,44.7
2020-06-13,9475.0,238.17,45.07
2020-06-14,9325.0,231.34,43.99
2020-06-15,9432.53,230.98,43.76
2020-06-16,9526.25,235.34,43.86
2020-06-17,9457.51,233.71,44.04
2020-06-18,9376.14,231.05,43.4
2020-06-19,9301.91,228.66,42.77
2020-06-20,9355.74,228.8,43.56
2020-06-21,9286.14,227.68,42.96
2020-06-22,9690.74,243.23,44.3
2020-06-23,9623.56,243.12,44.16
2020-06-24,9285.91,234.44,42.57
2020-06-25,9243.51,231.97,42.31
2020-06-26,9155.42,229.44,43.06
2020-06-27,9002.46,220.76,41.04
2020-06-28,9113.24,224.76,41.32
2020-06-29,9184.45,227.81,41.87
2020-06-30,9136.2,225.48,41.16
2020-07-01,9239.97,231.03,41.8
2020-07-02,9091.53,226.48,41.08
2020-07-03,9063.87,225.06,41.17
2020-07-04,9138.51,229.34,42.15
2020-07-05,9074.39,227.67,41.59
2020-07-06,9343.31,241.65,44.03
2020-07-07,9253.94,239.37,43.37
2020-07-08,9435.28,247.14,45.4
2020-07-09,9236.95,242.0,44.33
2020-07-10,9291.05,241.2,44.32
2020-07-11,9235.0,239.17,44.74
2020-07-12,9303.37,242.81,44.71
2020-07-13,9236.92,239.44,43.88
2020-07-14,9256.94,240.43,43.88
2020-07-15,9190.16,238.33,43.3
2020-07-16,9130.11,233.41,42.08
2020-07-17,9154.29,232.63,41.89
2020-07-18,9175.85,235.72,42.47
2020-07-19,9212.87,239.17,42.65
2020-07-20,9161.05,236.1,41.97
2020-07-21,9394.14,245.65,43.83
2020-07-22,9536.18,264.28,45.02
2020-07-23,9613.24,275.68,44.98
2020-07-24,9551.21,279.59,44.16
2020-07-25,9711.33,305.66,49.23
2020-07-26,9941.0,311.35,48.14
2020-07-27,11048.91,322.24,53.38
2020-07-28,10934.23,317.59,55.86
2020-07-29,11110.12,318.16,55.2
2020-07-30,11115.95,335.31,56.82
2020-07-31,11351.62,346.86,58.23
2020-08-01,11810.07,387.4,61.72
2020-08-02,11068.54,372.21,56.77
2020-08-03,11233.13,386.22,58.54
2020-08-04,11197.04,389.82,57.65
2020-08-05,11756.75,401.21,58.97
2020-08-06,11773.89,395.28,59.08
2020-08-07,11606.52,379.75,57.25
2020-08-08,11774.98,397.51,58.46
2020-08-09,11688.48,390.41,56.97
2020-08-10,11899.73,395.78,58.28
2020-08-11,11388.53,378.88,54.12
2020-08-12,11566.45,387.27,54.55
2020-08-13,11795.95,424.94,57.18
2020-08-14,11779.0,438.83,56.85
2020-08-15,11859.24,432.55,59.9
2020-08-16,11918.84,433.7,63.91
2020-08-17,12304.26,431.5,67.3
2020-08-18,11950.0,422.31,65.4
2020-08-19,11758.87,407.59,62.12
2020-08-20,11864.26,415.92,62.8
2020-08-21,11529.22,388.05,59.09
2020-08-22,11672.93,395.62,60.28
2020-08-23,11650.01,390.9,60.62
2020-08-24,11753.85,407.76,62.04
2020-08-25,11324.92,383.33,58.38
2020-08-26,11463.27,386.1,58.09
2020-08-27,11330.06,383.25,56.15
2020-08-28,11535.0,395.47,57.4
2020-08-29,11474.31,398.58,56.95
2020-08-30,11716.01,428.94,62.9
2020-08-31,11655.0,433.89,60.93
2020-09-01,11924.22,475.57,62.71
2020-09-02,11395.48,440.02,58.12
2020-09-03,10172.52,382.87,50.07
2020-09-04,10500.05,388.96,50.76
2020-09-05,10168.36,335.25,47.83
2020-09-06,10257.86,352.77,47.94
2020-09-07,10375.0,353.71,48.88
2020-09-08,10125.69,337.48,47.49
2020-09-09,10224.56,351.1,47.86
2020-09-10,10343.23,368.06,48.71
2020-09-11,10394.41,373.93,48.98
2020-09-12,10446.52,387.81,50.85
2020-09-13,10336.76,366.58,48.18
2020-09-14,10679.95,377.28,49.1
2020-09-15,10783.75,364.2,48.3
2020-09-16,10959.61,365.23,47.74
2020-09-17,10943.61,389.45,48.88
2020-09-18,10937.52,384.64,48.55
2020-09-19,11080.0,385.23,48.48
2020-09-20,10920.89,370.69,47.09
2020-09-21,10416.82,340.11,43.13
2020-09-22,10531.13,344.26,44.49
2020-09-23,10235.1,320.63,42.95
2020-09-24,10740.01,349.14,44.94
2020-09-25,10690.53,352.11,46.04
2020-09-26,10730.0,354.13,46.06
2020-09-27,10778.2,357.55,46.07
2020-09-28,10695.55,353.91,45.21
2020-09-29,10840.73,359.9,45.69
2020-09-30,10779.63,359.89,46.32
2020-10-01,10617.63,352.9,46.16
2020-10-02,10573.12,345.7,44.9
2020-10-03,10551.65,346.18,45.56
2020-10-04,10671.11,352.48,46.71
2020-10-05,10795.0,353.73,46.35
2020-10-06,10602.66,340.78,46.0
2020-10-07,10670.47,341.68,46.58
2020-10-08,10933.09,351.25,47.24
2020-10-09,11057.07,365.36,47.82
2020-10-10,11299.5,370.75,48.9
2020-10-11,11374.01,374.38,50.48
2020-10-12,11535.46,386.74,50.61
2020-10-13,11428.22,381.37,49.97
2020-10-14,11427.7,378.97,49.84
2020-10-15,11509.34,377.94,49.58
2020-10-16,11328.95,365.57,47.64
2020-10-17,11367.89,368.48,46.93
2020-10-18,11514.2,378.58,47.58
2020-10-19,11760.45,379.36,48.01
2020-10-20,11923.83,368.81,46.95
2020-10-21,12808.0,391.53,53.13
2020-10-22,12987.02,414.7,54.42
2020-10-23,12937.09,409.52,55.46
2020-10-24,13126.24,412.58,59.21
2020-10-25,13045.0,406.46,58.85
2020-10-26,13068.79,393.12,56.89
2020-10-27,13698.18,404.55,58.18
2020-10-28,13281.05,388.63,55.84
2020-10-29,13460.0,387.6,54.94
2020-10-30,13571.51,382.77,54.08
2020-10-31,13804.81,386.74,55.68
2020-11-01,13771.59,396.91,55.65
2020-11-02,13563.22,383.33,53.85
2020-11-03,14035.8,388.32,54.02
2020-11-04,14161.48,403.18,54.75
2020-11-05,15608.21,417.17,59.04
2020-11-06,15599.95,456.65,63.29
2020-11-07,14834.09,435.73,58.94
2020-11-08,15482.9,454.61,60.99
2020-11-09,15342.25,444.81,59.25
2020-11-10,15315.03,450.89,57.99
2020-11-11,15705.79,463.79,59.33
2020-11-12,16310.81,462.98,60.74
2020-11-13,16339.56,477.14,66.01
2020-11-14,16082.01,461.16,63.85
2020-11-15,15966.89,448.58,62.37
2020-11-16,16726.64,460.85,73.83
2020-11-17,17679.36,482.68,76.41
2020-11-18,17782.91,478.96,73.48
2020-11-19,17821.58,471.92,81.62
2020-11-20,18675.25,510.43,82.64
2020-11-21,18721.21,553.07,87.13
2020-11-22,18437.66,560.82,82.96
2020-11-23,18384.82,609.26,89.18
2020-11-24,19172.84,605.45,89.34
2020-11-25,18721.93,568.79,81.75
2020-11-26,17170.0,520.34,71.11
2020-11-27,17153.95,519.07,69.2
2020-11-28,17739.85,538.11,72.79
2020-11-29,18202.04,576.76,79.0
2020-11-30,19713.94,617.0,87.66
2020-12-01,18782.97,586.03,85.17
2020-12-02,19225.63,597.35,88.99
2020-12-03,19448.64,616.65,89.03
2020-12-04,18658.1,567.6,79.58
2020-12-05,19158.96,597.29,83.21
2020-12-06,19375.6,601.95,83.64
2020-12-07,19177.71,591.47,83.41
2020-12-08,18316.22,554.79,76.7
2020-12-09,18546.55,573.38,77.42
2020-12-10,18253.44,559.45,74.71
2020-12-11,18042.15,544.23,72.18
2020-12-12,18821.28,568.64,76.7
2020-12-13,19166.65,590.75,82.2
2020-12-14,19272.37,586.39,82.4
2020-12-15,19444.6,589.08,81.4
2020-12-16,21359.65,637.98,93.02
2020-12-17,22826.48,643.37,101.17
2020-12-18,23137.76,654.66,109.46
2020-12-19,23849.99,658.96,120.02
2020-12-20,23476.51,638.4,114.65
2020-12-21,22729.4,608.07,104.44
2020-12-22,23823.27,636.82,114.31
2020-12-23,23228.35,585.11,102.35
2020-12-24,23717.96,612.27,111.2
2020-12-25,24704.71,626.75,127.67
2020-12-26,26475.35,636.52,129.56
2020-12-27,26258.65,684.12,127.6
2020-12-28,27040.36,729.7,129.69
2020-12-29,27366.35,731.76,128.69
2020-12-30,28897.42,752.86,130.11
2020-12-31,28990.08,737.67,124.41
2021-01-01,29412.84,730.99,126.53
2021-01-02,32225.91,775.3,137.13
2021-01-03,33080.66,980.44,161.52
2021-01-04,32019.99,1042.38,155.43
2021-01-05,34030.64,1103.73,159.03
2021-01-06,36859.26,1212.02,169.41
2021-01-07,39505.56,1227.34,169.75
2021-01-08,40665.15,1217.35,172.46
2021-01-09,40257.43,1281.45,177.87
2021-01-10,38171.57,1255.13,170.21
2021-01-11,35452.59,1088.79,139.43
2021-01-12,34038.98,1049.79,133.39
2021-01-13,37393.66,1130.8,147.51
2021-01-14,39125.14,1231.32,152.38
2021-01-15,36754.67,1168.1,143.63
2021-01-16,36006.94,1227.14,143.5
2021-01-17,35820.0,1232.99,142.8
2021-01-18,36624.23,1258.48,151.88
2021-01-19,35917.28,1368.04,151.9
2021-01-20,35503.09,1376.88,149.77
2021-01-21,30855.95,1110.62,129.75
2021-01-22,32984.93,1233.6,137.76
2021-01-23,32112.01,1234.55,137.76
2021-01-24,32288.56,1394.0,141.13
2021-01-25,32261.87,1317.97,137.13
2021-01-26,32510.82,1367.98,134.79
2021-01-27,30407.13,1240.96,122.63
2021-01-28,33488.99,1333.19,133.61
2021-01-29,34262.11,1379.87,134.91
2021-01-30,34315.63,1380.0,133.61
2021-01-31,33137.74,1313.94,129.58
2021-02-01,33533.19,1374.6,132.04
2021-02-02,35512.67,1513.67,142.05
2021-02-03,37678.37,1668.72,156.2
2021-02-04,36975.0,1597.55,145.27
2021-02-05,38311.49,1721.06,155.15
2021-02-06,39265.43,1679.77,155.77
2021-02-07,38871.42,1615.32,150.95
2021-02-08,46448.1,1752.98,167.63
2021-02-09,46514.73,1772.16,181.92
2021-02-10,44850.0,1742.93,181.76
2021-02-11,47997.91,1787.32,183.8
2021-02-12,47408.34,1845.0,197.2
2021-02-13,47232.45,1818.01,226.62
2021-02-14,48680.69,1803.75,213.93
2021-02-15,47936.37,1779.62,207.9
2021-02-16,49158.71,1781.97,210.17
2021-02-17,52170.01,1852.0,237.54
2021-02-18,51601.73,1939.64,226.65
2021-02-19,55983.56,1957.68,236.69
2021-02-20,55923.52,1915.46,227.17
2021-02-21,57489.16,1935.57,227.54
2021-02-22,54142.13,1778.66,208.23
2021-02-23,48899.99,1577.83,177.59
2021-02-24,49737.82,1625.3,181.7
2021-02-25,47058.48,1482.62,179.47
2021-02-26,46326.2,1445.18,170.3
2021-02-27,46180.75,1460.57,172.01
2021-02-28,45231.75,1422.02,165.72
2021-03-01,49639.4,1571.82,176.01
2021-03-02,48511.6,1488.34,179.25
2021-03-03,50360.0,1567.86,187.61
2021-03-04,48368.52,1539.69,180.59
2021-03-05,48769.47,1528.82,180.3
2021-03-06,48909.84,1651.83,182.85
2021-03-07,50978.61,1728.22,190.74
2021-03-08,52415.23,1834.58,191.9
2021-03-09,54916.38,1871.99,203.98
2021-03-10,55890.69,1795.37,200.23
2021-03-11,57815.47,1827.04,201.47
2021-03-12,57225.91,1767.79,220.84
2021-03-13,61178.5,1921.61,226.09
2021-03-14,58972.7,1848.9,214.11
2021-03-15,55636.15,1795.07,200.82
2021-03-16,56927.11,1806.03,201.64
2021-03-17,58925.54,1824.74,206.04
2021-03-18,57644.95,1776.4,199.65
2021-03-19,58039.66,1809.38,199.91
2021-03-20,58116.7,1806.47,200.16
2021-03-21,57363.32,1784.0,195.53
2021-03-22,54110.07,1681.02,185.7
2021-03-23,54345.54,1668.09,185.85
2021-03-24,52276.16,1581.79,175.95
2021-03-25,51325.01,1587.08,171.48
2021-03-26,55072.44,1700.1,183.7
2021-03-27,55856.53,1713.88,184.14
2021-03-28,55778.82,1686.92,184.27
2021-03-29,57613.48,1815.73,193.66
2021-03-30,58786.46,1841.16,195.73
2021-03-31,58800.0,1920.0,196.88
2021-04-01,58726.48,1968.38,202.67
2021-04-02,58981.04,2134.68,211.5
2021-04-03,57094.34,2009.25,195.34
2021-04-04,58215.94,2076.36,202.26
2021-04-05,59123.02,2106.98,221.44
2021-04-06,58019.98,2113.0,237.09
2021-04-07,55955.75,1964.23,219.33
2021-04-08,58083.1,2081.29,226.24
2021-04-09,58092.68,2066.03,221.07
2021-04-10,59778.6,2133.08,255.94
2021-04-11,59985.26,2150.54,252.44
2021-04-12,59839.82,2138.03,244.35
2021-04-13,63588.22,2299.92,267.77
2021-04-14,62971.8,2432.54,278.85
2021-04-15,63229.04,2517.03,286.18
2021-04-16,61427.27,2426.64,308.75
2021-04-17,60058.86,2318.7,301.1
2021-04-18,56274.41,2241.46,274.2
2021-04-19,55696.83,2163.82,261.56
2021-04-20,56499.29,2332.6,261.01
2021-04-21,53800.86,2357.21,257.78
2021-04-22,51701.59,2399.99,252.65
2021-04-23,51187.27,2370.05,241.67
2021-04-24,50089.15,2216.72,225.3
2021-04-25,49121.0,2322.16,224.18
2021-04-26,54053.6,2534.0,247.65
2021-04-27,55069.62,2667.86,259.96
2021-04-28,54894.03,2751.59,258.81
2021-04-29,53580.0,2758.92,255.51
2021-04-30,57798.77,2776.45,271.59
2021-05-01,57859.28,2948.92,277.0
2021-05-02,56625.2,2952.09,269.1
2021-05-03,57212.73,3433.99,294.91
2021-05-04,53241.92,3240.01,305.5
2021-05-05,57515.69,3529.97,356.43
2021-05-06,56440.66,3492.75,354.44
2021-05-07,57380.39,3484.7,345.25
2021-05-08,58958.05,3917.26,347.72
2021-05-09,58312.57,3928.44,388.3
2021-05-10,55866.41,3949.45,359.41
2021-05-11,56753.19,4179.76,378.16
2021-05-12,49498.77,3826.37,310.91
2021-05-13,49690.11,3719.23,318.41
2021-05-14,49893.48,4080.51,326.67
2021-05-15,46775.51,3649.54,300.18
2021-05-16,46450.79,3585.62,296.11
2021-05-17,43580.5,3283.32,281.6
2021-05-18,42857.15,3375.96,294.13
2021-05-19,36731.75,2443.91,186.65
2021-05-20,40623.33,2775.07,211.11
2021-05-21,37340.77,2434.86,180.23
2021-05-22,37476.83,2297.19,169.48
2021-05-23,34758.67,2099.58,142.72
2021-05-24,38878.56,2651.24,185.42
2021-05-25,38361.81,2707.56,184.09
2021-05-26,39293.23,2889.84,199.18
2021-05-27,38556.88,2745.51,194.41
2021-05-28,35680.47,2413.81,177.41
2021-05-29,34627.82,2280.72,164.12
2021-05-30,35669.44,2387.66,170.72
2021-05-31,37279.31,2707.12,188.05
2021-06-01,36685.0,2634.42,182.98
2021-06-02,37577.91,2706.64,187.27
2021-06-03,39248.55,2856.68,193.58
2021-06-04,36856.52,2690.68,178.63
2021-06-05,35539.49,2629.75,173.07
2021-06-06,35800.48,2710.97,176.38
2021-06-07,33575.91,2592.47,161.98
2021-06-08,33402.13,2509.11,160.76
2021-06-09,37403.86,2611.27,172.57
2021-06-10,36694.05,2471.59,168.38
2021-06-11,37338.44,2355.27,162.9
2021-06-12,35557.33,2371.49,161.85
2021-06-13,39015.24,2510.23,171.02
2021-06-14,40539.47,2582.86,180.02
2021-06-15,40162.37,2543.58,175.15
2021-06-16,38351.0,2367.73,166.61
2021-06-17,38095.17,2373.33,167.18
2021-06-18,35841.81,2234.47,156.41
2021-06-19,35484.79,2164.72,152.53
2021-06-20,35585.78,2242.9,154.87
2021-06-21,31609.82,1885.67,124.45
2021-06-22,32538.37,1881.65,119.83
2021-06-23,33688.35,1968.37,129.2
2021-06-24,34654.58,1988.81,134.53
2021-06-25,31594.63,1809.07,125.0
2021-06-26,32275.19,1829.17,126.81
2021-06-27,34709.23,1984.71,132.67
2021-06-28,34493.22,2083.79,137.69
2021-06-29,35904.28,2166.18,144.18
2021-06-30,35060.0,2276.72,144.36
2021-07-01,33516.11,2107.01,137.16
2021-07-02,33805.02,2156.0,136.91
2021-07-03,34682.16,2226.95,140.19
2021-07-04,35284.05,2323.15,144.94
2021-07-05,33697.78,2197.34,137.82
2021-07-06,34225.73,2321.84,138.89
2021-07-07,33878.56,2316.82,137.42
2021-07-08,32875.95,2116.95,132.1
2021-07-09,33824.26,2147.38,134.61
2021-07-10,33515.35,2110.55,134.01
2021-07-11,34259.23,2140.82,134.26
2021-07-12,33091.1,2030.72,133.37
2021-07-13,32734.14,1940.76,131.44
2021-07-14,32816.39,1994.11,131.02
2021-07-15,31868.68,1918.07,125.79
2021-07-16,31915.01,1914.05,123.76
